{"cameraMode":{"drawMode":0,"name":"Shaded","section":"Shading Mode"},"sceneLighting":true,"audioPlay":false,"sceneViewState":{"m_AlwaysRefresh":false,"showFog":true,"showSkybox":true,"showFlares":true,"showImageEffects":true,"showParticleSystems":true,"showVisualEffectGraphs":true,"m_FxEnabled":true},"in2DMode":false,"pivot":{"x":0.3871130645275116,"y":-0.031667470932006839,"z":-7.778116703033447},"rotation":{"x":0.31481680274009707,"y":-0.24288855493068696,"z":0.0836879312992096,"w":0.913718044757843},"size":1.381345510482788,"orthographic":false}